Казахстан|Астана|+7 (7172) 45-69-69|Эвакуаторы Астаны
Казахстан|Астана|+7 (701) 255-72-05|Эвакуатор
Казахстан|Астана|+7 (701) 947-77-50|Эвакуаторы Астаны
Казахстан|Астана|+7 (717) 245-69-69|Услуги эвакуатора Астана
Казахстан|Астана|+7 (7172) 78-08-27|Эвакуатор Астана
Казахстан|Астана|+7 (701) 998-00-88|Эвакуатор в Астане
Казахстан|Астана|+7 (701) 528-67-64|Эвакуатор Астана
Казахстан|Астана|+7 (701) 942-22-36|Эвакуатор Астана
Казахстан|Астана|+7 (701) 941-66-26|Эвакуатор КЗ
Казахстан|Астана|+7 (702) 304-91-50|Эвакуатор Астана
Казахстан|Астана|+7 (707) 848-26-64|Эвакуатор Астана
Казахстан|Астана|+7 (717) 245-69-69|Эвакуатор Астана
Казахстан|Астана|+7 (702) 123-68-68|Эвакуатор Астана круглосуточно Газель
Казахстан|Алматы|+7 (727) 317-02-73|Эвакуатор
Казахстан|Алматы|+7 (727) 320-25-20|Эвакуатор.Kz
Казахстан|Алматы|+7 (727) 385-30-29|Эвакуатор
Казахстан|Алматы|+7 (727) 327-21-57|Эвакуатор
Казахстан|Алматы|+7 (727) 317-92-68|Эвакуатор
Казахстан|Алматы|+7 (727) 232-67-10|Эвакуатор
Казахстан|Астана|+7 (701) 255-72-05|Эвакуатор + СТО
Казахстан|Алматинская обл.|+7 (702) 416-81-05|Эвакуатор 8 702 416 81 05
Казахстан|Астана|+7 (701) 947-77-50|Эвакуатор АсанаКазахстан|Астана|+7 (7172) 78-08-27|Эвакуатор Астана, полный адресс: Астана, просп. Республики, 42/1, доп. тел.:  +7 (701) 998-96-36, сайт: autovoz.kz/evakuatory
Казахстан|Астана|+7 (701) 528-67-64|Эвакуатор Астана, полный адресс: Астана, ул. Пушкина, 7, сайт: evakuator-astana.com
Казахстан|Астана|+7 (7172) 78-08-27|Эвакуатор Астана, полный адресс: Астана, просп. Абая, 13, доп. тел.:  +7 (701) 446-13-96, сайт: evakuators.kz
Казахстан|Астана|+7 (701) 942-22-36|Эвакуатор Астана, полный адресс: Астана, просп. Богенбай батыра, 5, сайт: spasatel.kz
Казахстан|Астана|+7 (701) 941-66-26|Эвакуатор КЗ, полный адресс: Астана, ул. Кенесары, 20, сайт: www.tehpomosh.kz
Казахстан|Астана|+7 (701) 255-72-05|Эвакуатор, полный адресс: Астана, ул. Куйши Дина, 4, доп. тел.:  +7 (701) 015-30-00
Казахстан|Астана|+7 (702) 304-91-50|Эвакуатор Астана, полный адресс: Астана, просп. Нургисы Тлендиева, 10, сайт: www.evakuatorastana.kz
Казахстан|Астана|+7 (707) 848-26-64|Эвакуатор Астана, полный адресс: Астана, ул. Мирзояна, 2, доп. тел.:  +7 (702) 255-72-05, +7 (701) 941-66-26, +7 (771) 166-56-09
Казахстан|Астана|+7 (717) 245-69-69|Эвакуатор Астана, полный адресс: Астана, просп. Сарыарка, 35, доп. тел.:  +7 (777) 870-97-77
Казахстан|Астана|+7 (702) 123-68-68|Эвакуатор Астана круглосуточно Газель
Казахстан|Астана|+7 (701) 998-00-88|Эвакуатор в Астане, полный адресс: Астана, ул. 150-ти летия Абая, 20
Казахстан|Астана|+7 (701) 947-77-50|Эвакуаторы Астаны, полный адресс: Астана, ул. 150-ти летия Абая, 5, доп. тел.:  +7 (701) 998-00-88
Казахстан|Астана|+7 (7172) 45-69-69|Эвакуаторы Астаны, доп. тел.:  +7 (701) 998-00-88, +7 (701) 947-77-50
Казахстан|Астана|+7 (717) 245-69-69|Услуги эвакуатора Астана, полный адресс: Астана, просп. Абылай Хана, 3, доп. тел.:  +7 (701) 947-77-50
Казахстан|Алматы|+7 (727) 317-02-73|Эвакуатор, полный адресс: Алматы, ул. Утеген батыра, 100, сайт: standard-oil.kz
Казахстан|Алматы|+7 (727) 320-25-20|Эвакуатор.Kz, полный адресс: Алматы, Аксай мкр., 53, доп. тел.:  +7 (727) 328-35-35, сайт: www.evakuator.kz
Казахстан|Алматы|+7 (727) 385-30-29|Эвакуатор, полный адресс: Алматы, ул. Утеген батыра, 14, доп. тел.:  +7 (727) 381-58-12
Казахстан|Алматы|+7 (727) 327-21-57|Эвакуатор, полный адресс: Алматы, ул. Говорова, 48
Казахстан|Алматы|+7 (727) 317-92-68|Эвакуатор
Казахстан|Алматы|+7 (727) 232-67-10|Эвакуатор
Казахстан|Астана|+7 (701) 255-72-05|Эвакуатор + СТО, полный адресс: Астана, ул. Угольная, 2, доп. тел.:  +7 (771) 166-56-09, +7 (702) 255-72-05
Казахстан|Алматинская обл.|+7 (702) 416-81-05|Эвакуатор 8 702 416 81 05
Казахстан|Астана|+7 (701) 947-77-50|Эвакуатор Асана, полный адресс: Астана, ул. Кирова, 1
