Казахстан|Астана|+7 (7172) 78-08-27|Эвакуатор Астана, полный адресс: Астана, просп. Республики, 42/1, доп. тел.:  +7 (701) 998-96-36, сайт: autovoz.kz/evakuatory
Казахстан|Астана|+7 (701) 528-67-64|Эвакуатор Астана, полный адресс: Астана, ул. Пушкина, 7, сайт: evakuator-astana.com
Казахстан|Астана|+7 (7172) 78-08-27|Эвакуатор Астана, полный адресс: Астана, просп. Абая, 13, доп. тел.:  +7 (701) 446-13-96, сайт: evakuators.kz
Казахстан|Астана|+7 (701) 942-22-36|Эвакуатор Астана, полный адресс: Астана, просп. Богенбай батыра, 5, сайт: spasatel.kz
Казахстан|Астана|+7 (701) 941-66-26|Эвакуатор КЗ, полный адресс: Астана, ул. Кенесары, 20, сайт: www.tehpomosh.kz
Казахстан|Астана|+7 (701) 255-72-05|Эвакуатор, полный адресс: Астана, ул. Куйши Дина, 4, доп. тел.:  +7 (701) 015-30-00
Казахстан|Астана|+7 (702) 304-91-50|Эвакуатор Астана, полный адресс: Астана, просп. Нургисы Тлендиева, 10, сайт: www.evakuatorastana.kz
Казахстан|Астана|+7 (707) 848-26-64|Эвакуатор Астана, полный адресс: Астана, ул. Мирзояна, 2, доп. тел.:  +7 (702) 255-72-05, +7 (701) 941-66-26, +7 (771) 166-56-09
Казахстан|Астана|+7 (717) 245-69-69|Эвакуатор Астана, полный адресс: Астана, просп. Сарыарка, 35, доп. тел.:  +7 (777) 870-97-77
Казахстан|Астана|+7 (702) 123-68-68|Эвакуатор Астана круглосуточно Газель
Казахстан|Астана|+7 (701) 998-00-88|Эвакуатор в Астане, полный адресс: Астана, ул. 150-ти летия Абая, 20
Казахстан|Астана|+7 (701) 947-77-50|Эвакуаторы Астаны, полный адресс: Астана, ул. 150-ти летия Абая, 5, доп. тел.:  +7 (701) 998-00-88
Казахстан|Астана|+7 (7172) 45-69-69|Эвакуаторы Астаны, доп. тел.:  +7 (701) 998-00-88, +7 (701) 947-77-50
Казахстан|Астана|+7 (717) 245-69-69|Услуги эвакуатора Астана, полный адресс: Астана, просп. Абылай Хана, 3, доп. тел.:  +7 (701) 947-77-50
Казахстан|Астана|+7 (7172) 78-08-27|Эвакуатор Астана, полный адресс: Астана, просп. Республики, 42/1, доп. тел.:  +7 (701) 998-96-36, сайт: autovoz.kz/evakuatory
Казахстан|Астана|+7 (701) 528-67-64|Эвакуатор Астана, полный адресс: Астана, ул. Пушкина, 7, сайт: evakuator-astana.com
Казахстан|Астана|+7 (7172) 78-08-27|Эвакуатор Астана, полный адресс: Астана, просп. Абая, 13, доп. тел.:  +7 (701) 446-13-96, сайт: evakuators.kz
Казахстан|Астана|+7 (701) 942-22-36|Эвакуатор Астана, полный адресс: Астана, просп. Богенбай батыра, 5, сайт: spasatel.kz
Казахстан|Астана|+7 (701) 941-66-26|Эвакуатор КЗ, полный адресс: Астана, ул. Кенесары, 20, сайт: www.tehpomosh.kz
Казахстан|Астана|+7 (701) 255-72-05|Эвакуатор, полный адресс: Астана, ул. Куйши Дина, 4, доп. тел.:  +7 (701) 015-30-00
Казахстан|Астана|+7 (702) 304-91-50|Эвакуатор Астана, полный адресс: Астана, просп. Нургисы Тлендиева, 10, сайт: www.evakuatorastana.kz
Казахстан|Астана|+7 (707) 848-26-64|Эвакуатор Астана, полный адресс: Астана, ул. Мирзояна, 2, доп. тел.:  +7 (702) 255-72-05, +7 (701) 941-66-26, +7 (771) 166-56-09
Казахстан|Астана|+7 (717) 245-69-69|Эвакуатор Астана, полный адресс: Астана, просп. Сарыарка, 35, доп. тел.:  +7 (777) 870-97-77
Казахстан|Астана|+7 (702) 123-68-68|Эвакуатор Астана круглосуточно Газель
Казахстан|Астана|+7 (701) 998-00-88|Эвакуатор в Астане, полный адресс: Астана, ул. 150-ти летия Абая, 20
Казахстан|Астана|+7 (701) 947-77-50|Эвакуаторы Астаны, полный адресс: Астана, ул. 150-ти летия Абая, 5, доп. тел.:  +7 (701) 998-00-88
Казахстан|Астана|+7 (7172) 45-69-69|Эвакуаторы Астаны, доп. тел.:  +7 (701) 998-00-88, +7 (701) 947-77-50
Казахстан|Астана|+7 (717) 245-69-69|Услуги эвакуатора Астана, полный адресс: Астана, просп. Абылай Хана, 3, доп. тел.:  +7 (701) 947-77-50
Казахстан|Алматы|+7 (727) 317-02-73|Эвакуатор, полный адресс: Алматы, ул. Утеген батыра, 100, сайт: standard-oil.kz
Казахстан|Алматы|+7 (727) 320-25-20|Эвакуатор.Kz, полный адресс: Алматы, Аксай мкр., 53, доп. тел.:  +7 (727) 328-35-35, сайт: www.evakuator.kz
Казахстан|Алматы|+7 (727) 385-30-29|Эвакуатор, полный адресс: Алматы, ул. Утеген батыра, 14, доп. тел.:  +7 (727) 381-58-12
Казахстан|Алматы|+7 (727) 327-21-57|Эвакуатор, полный адресс: Алматы, ул. Говорова, 48
Казахстан|Алматы|+7 (727) 317-92-68|Эвакуатор
Казахстан|Алматы|+7 (727) 232-67-10|Эвакуатор
Казахстан|Астана|+7 (701) 255-72-05|Эвакуатор + СТО, полный адресс: Астана, ул. Угольная, 2, доп. тел.:  +7 (771) 166-56-09, +7 (702) 255-72-05
Казахстан|Алматинская обл.|+7 (702) 416-81-05|Эвакуатор 8 702 416 81 05
Казахстан|Алматы|+7 (727) 317-02-73|Эвакуатор, полный адресс: Алматы, ул. Утеген батыра, 100, сайт: standard-oil.kz
Казахстан|Алматы|+7 (727) 320-25-20|Эвакуатор.Kz, полный адресс: Алматы, Аксай мкр., 53, доп. тел.:  +7 (727) 328-35-35, сайт: www.evakuator.kz
Казахстан|Алматы|+7 (727) 385-30-29|Эвакуатор, полный адресс: Алматы, ул. Утеген батыра, 14, доп. тел.:  +7 (727) 381-58-12
Казахстан|Алматы|+7 (727) 327-21-57|Эвакуатор, полный адресс: Алматы, ул. Говорова, 48
Казахстан|Алматы|+7 (727) 232-67-10|Эвакуатор
Казахстан|Алматы|+7 (727) 317-92-68|Эвакуатор
Казахстан|Астана|+7 (701) 255-72-05|Эвакуатор + СТО, полный адресс: Астана, ул. Угольная, 2, доп. тел.:  +7 (771) 166-56-09, +7 (702) 255-72-05
Казахстан|Астана|+7 (7172) 78-08-27|Эвакуатор Астана, полный адресс: Астана, просп. Республики, 42/1, доп. тел.:  +7 (701) 998-96-36, сайт: autovoz.kz/evakuatory
Казахстан|Астана|+7 (701) 528-67-64|Эвакуатор Астана, полный адресс: Астана, ул. Пушкина, 7, сайт: evakuator-astana.com
Казахстан|Астана|+7 (7172) 78-08-27|Эвакуатор Астана, полный адресс: Астана, просп. Абая, 13, доп. тел.:  +7 (701) 446-13-96, сайт: evakuators.kz
Казахстан|Астана|+7 (701) 942-22-36|Эвакуатор Астана, полный адресс: Астана, просп. Богенбай батыра, 5, сайт: spasatel.kz
Казахстан|Астана|+7 (701) 941-66-26|Эвакуатор КЗ, полный адресс: Астана, ул. Кенесары, 20, сайт: www.tehpomosh.kz
Казахстан|Астана|+7 (701) 255-72-05|Эвакуатор, полный адресс: Астана, ул. Куйши Дина, 4, доп. тел.:  +7 (701) 015-30-00
Казахстан|Астана|+7 (702) 304-91-50|Эвакуатор Астана, полный адресс: Астана, просп. Нургисы Тлендиева, 10, сайт: www.evakuatorastana.kz
Казахстан|Астана|+7 (707) 848-26-64|Эвакуатор Астана, полный адресс: Астана, ул. Мирзояна, 2, доп. тел.:  +7 (702) 255-72-05, +7 (701) 941-66-26, +7 (771) 166-56-09
Казахстан|Астана|+7 (717) 245-69-69|Эвакуатор Астана, полный адресс: Астана, просп. Сарыарка, 35, доп. тел.:  +7 (777) 870-97-77
Казахстан|Астана|+7 (702) 123-68-68|Эвакуатор Астана круглосуточно Газель
Казахстан|Астана|+7 (701) 998-00-88|Эвакуатор в Астане, полный адресс: Астана, ул. 150-ти летия Абая, 20
Казахстан|Астана|+7 (7172) 45-69-69|Эвакуаторы Астаны, доп. тел.:  +7 (701) 998-00-88, +7 (701) 947-77-50
Казахстан|Астана|+7 (701) 947-77-50|Эвакуаторы Астаны, полный адресс: Астана, ул. 150-ти летия Абая, 5, доп. тел.:  +7 (701) 998-00-88
Казахстан|Астана|+7 (717) 245-69-69|Услуги эвакуатора Астана, полный адресс: Астана, просп. Абылай Хана, 3, доп. тел.:  +7 (701) 947-77-50
Беларусь|Минская обл.|+375 (29) 391-39-39|Эвакуатор борисов
Беларусь|Минская обл.|+375 (29) 391-39-39|Эвакуатор борисов
Украина|Винница|+380 (97) 310-04-00|Эвакуатор
Украина|Винница|+380 (97) 310-04-00|Эвакуатор
Беларусь|Витебск|+375 (29) 710-07-32|Эвакуатор ИП Кашпар Л.С.
Беларусь|Витебск|+375 (29) 710-07-32|Эвакуатор ИП Кашпар Л.С.
Казахстан|Астана|+7 (701) 947-77-50|Эвакуатор Асана, полный адресс: Астана, ул. Кирова, 1
Беларусь|Гомель|+375 (29) 139-60-40|Эвакуатор в Гомеле, сайт: evakyator.by/view/ip_kaunov_renault_master
Беларусь|Гомель|+375 (29) 139-60-40|Эвакуатор в Гомеле, сайт: evakyator.by/view/ip_kaunov_renault_master
Беларусь|Гомель|+375 (29) 139-60-40|Эвакуатор в Гомеле, сайт: evakyator.by/view/ip_kaunov_renault_master
Беларусь|Гомель|+375 (29) 139-60-40|Эвакуатор в Гомеле, сайт: evakyator.by/view/ip_kaunov_renault_master
Украина|Днепропетровск|+380 (50) 340-27-76|Эвакуатор, полный адресс: Днепропетровск, ул. Шолохова, 7, сайт: evakuator-dnepr.dp.ua
Украина|Днепропетровск|+380 (67) 755-55-15|Эвакуатор, полный адресс: Днепропетровск, ул. Красная, 25
Украина|Днепропетровск|+380 (66) 710-01-64|Эвакуатор24
Украина|Днепропетровск|+380 (63) 797-27-97|Эвакуатор Днепропетровск, полный адресс: Днепропетровск, ул. Героев Сталинграда, 114
Украина|Днепропетровск|+380 (67) 633-76-75|Эвакуатор Днепр
Украина|Днепропетровск|+380 (50) 340-27-76|Эвакуатор, полный адресс: Днепропетровск, ул. Шолохова, 7, сайт: evakuator-dnepr.dp.ua
Украина|Днепропетровск|+380 (67) 755-55-15|Эвакуатор, полный адресс: Днепропетровск, ул. Красная, 25
Украина|Днепропетровск|+380 (66) 710-01-64|Эвакуатор24
Украина|Днепропетровск|+380 (63) 797-27-97|Эвакуатор Днепропетровск, полный адресс: Днепропетровск, ул. Героев Сталинграда, 114
Украина|Днепропетровск|+380 (67) 633-76-75|Эвакуатор Днепр
Украина|Донецкая обл.|+380 (99) 922-22-45|Эвакуатор, сайт: levshin.org
Украина|Донецк|+380 (50) 585-66-60|Эвакуатор Донецк, полный адресс: Донецк, ул. Розы Люксембург, 111, сайт: evakyator.dn.ua
Украина|Донецк|+380 (50) 767-35-00|Эвакуатор, полный адресс: Донецк, 9-Го Января пер., 12
Украина|Донецк|+380 (99) 072-10-00|Авто-Эвакуатор Донецк, полный адресс: Донецк, ул. Стадионная, 1а
Украина|Донецк|+380 (50) 189-99-64|Эвакуатор Ангел, сайт: evakuator-dn.narod.ru
Украина|Донецк|+380 (95) 141-34-34|Апп-Эвакуатор-Донецк, полный адресс: Донецк, ул. Стадионная, 1б
Украина|Донецк|+380 (95) 174-12-12|Авто-Эвакуатор Донецк
Украина|Донецкая обл.|+380 (99) 922-22-45|Эвакуатор, сайт: levshin.org
Украина|Донецк|+380 (50) 585-66-60|Эвакуатор Донецк, полный адресс: Донецк, ул. Розы Люксембург, 111, сайт: evakyator.dn.ua
Украина|Донецк|+380 (50) 767-35-00|Эвакуатор, полный адресс: Донецк, 9-Го Января пер., 12
Украина|Донецк|+380 (99) 072-10-00|Авто-Эвакуатор Донецк, полный адресс: Донецк, ул. Стадионная, 1а
Украина|Донецк|+380 (50) 189-99-64|Эвакуатор Ангел, сайт: evakuator-dn.narod.ru
Украина|Донецк|+380 (95) 141-34-34|Апп-Эвакуатор-Донецк, полный адресс: Донецк, ул. Стадионная, 1б
Украина|Донецк|+380 (95) 174-12-12|Авто-Эвакуатор Донецк
Казахстан|Алматинская обл.|+7 (702) 416-81-05|Эвакуатор 8 702 416 81 05
Украина|Житомир|+380 (93) 058-50-58|Эвакуатор, полный адресс: Житомир, ул. Саенко, 209, сайт: evakuator.co.ua
Украина|Житомир|+380 (95) 286-47-01|Вызов эвакуатора, полный адресс: Житомир, ул. Ватутина, 106б
Украина|Житомир|+380 (93) 058-50-58|Эвакуатор, полный адресс: Житомир, ул. Саенко, 209, сайт: evakuator.co.ua
Украина|Житомир|+380 (95) 286-47-01|Вызов эвакуатора, полный адресс: Житомир, ул. Ватутина, 106б
Украина|Запорожье|+380 (50) 456-53-01|Эвакуатор-Запорожье, полный адресс: Запорожье, ул. Пионерская, 47, доп. тел.:  +380 (61) 769-20-61, сайт: evakyator.zp.ua
Украина|Запорожье|+380 (50) 011-99-90|Эвакуатор Запорожье, полный адресс: Запорожье, ул. Криворожская, 17, сайт: evakuator.antares-group.zp.ua
Украина|Запорожская обл.|+380 (67) 741-15-70|Эвакуатор Мелитополь, сайт: evacuator-balu.com.ua
Украина|Запорожская обл.|+380 (98) 315-55-50|Эвакуатор Мелитополь, сайт: evacuator.at.ua
Украина|Запорожская обл.|+380 (98) 315-55-50|Эвакуатор Мелитополь, сайт: evakuator-melitopol.com.ua
Украина|Запорожье|+380 (67) 704-91-62|Эвакуатор в Запорожье, полный адресс: Запорожье, ул. Иванова, 16, доп. тел.:  +380 (66) 007-57-73, сайт: evakuator-help.zp.ua
Украина|Запорожье|+380 (50) 714-94-74|Эвакуатор, полный адресс: Запорожье, ул. Подлесная, 6
Украина|Запорожье|+380 (66) 771-78-70|Эвакуатор Запорожье, полный адресс: Запорожье, ш. Южное, 32
Украина|Запорожье|+380 (50) 456-53-01|Эвакуатор-Запорожье, полный адресс: Запорожье, ул. Пионерская, 47, доп. тел.:  +380 (61) 769-20-61, сайт: evakyator.zp.ua
Украина|Запорожье|+380 (50) 011-99-90|Эвакуатор Запорожье, полный адресс: Запорожье, ул. Криворожская, 17, сайт: evakuator.antares-group.zp.ua
Украина|Запорожье|+380 (67) 704-91-62|Эвакуатор в Запорожье, полный адресс: Запорожье, ул. Иванова, 16, доп. тел.:  +380 (66) 007-57-73, сайт: evakuator-help.zp.ua
Украина|Запорожье|+380 (50) 714-94-74|Эвакуатор, полный адресс: Запорожье, ул. Подлесная, 6
Украина|Запорожье|+380 (66) 771-78-70|Эвакуатор Запорожье, полный адресс: Запорожье, ш. Южное, 32
Украина|Киев|+380 (44) 237-44-60|Эвакуатор, полный адресс: Киев, ул. Озёрная, 1, доп. тел.:  +380 (63) 237-44-60, сайт: www.sosavto.in.ua
Украина|Киев|+380 (44) 583-33-33|Компания Экспресс-Эвакуатор, полный адресс: Киев, Московский просп., 32, сайт: www.express-evakuator.com.ua
Украина|Киев|+380 (98) 223-03-02|Эвакуатор, полный адресс: Киев, ул. Большая Окружная, 4б, сайт: evakuatorkiev.at.ua, evakuator-kiev.ucoz.ru
Украина|Киев|+380 (95) 270-60-07|Эвакуатор
Украина|Киев|+380 (67) 911-07-07|Дешёвый эвакуатор, полный адресс: Киев, ул. Борщаговская, 2
Украина|Киев|+380 (44) 466-12-23|Эвакуатор Sam, полный адресс: Киев, ул. Чкркасская, 19/58, доп. тел.:  +380 (67) 504-41-12
Украина|Киев|+380 (50) 536-39-94|Эвакуаторы, полный адресс: Киев, ул. Анны Ахматовой, 5, доп. тел.:  +380 (67) 693-86-50
Украина|Полтавская обл.|+380 (98) 774-10-23|Эвакуатор, сайт: evacuator.kr.ua
Украина|Полтавская обл.|+380 (98) 774-10-23|Эвакуатор
Украина|Полтавская обл.|+380 (67) 778-88-01|Эвакуатор Автоленд, сайт: autoland.in.ua
Украина|Полтавская обл.|+380 (67) 535-08-09|Эвакуатор
Украина|Львов|+380 (67) 342-36-97|Эвакуатор
Украина|Львов|+380 (97) 444-49-39|Эвакуатор Львов, полный адресс: Львов, ул. Лычаковская, 14
Украина|Львов|+380 (96) 648-80-00|Эвакуатор Львов, полный адресс: Львов, ул. Пироговка, 16
Украина|Львов|+380 (97) 588-99-42|Эвакуатор Львов, полный адресс: Львов, ул. Богдана Хмельницкого, 249, доп. тел.:  +380 (95) 587-87-87
Украина|Львов|+380 (97) 296-80-99|Компания Эвакуатор Львов, полный адресс: Львов, ул. Переяславская, 8
Украина|Львов|+380 (67) 342-36-97|Эвакуатор
Украина|Львов|+380 (97) 444-49-39|Эвакуатор Львов, полный адресс: Львов, ул. Лычаковская, 14
Украина|Львов|+380 (96) 648-80-00|Эвакуатор Львов, полный адресс: Львов, ул. Пироговка, 16
Украина|Николаев|+380 (96) 558-40-55|Эвакуатор в Николаеве, полный адресс: Николаев, ул. Магистральная, 2, доп. тел.:  +380 (93) 396-91-93, +380 (66) 765-79-20, +380 (93) 396-92-42, сайт: auto-aid.com.ua, эвакуатор.com.ua
Украина|Львов|+380 (97) 588-99-42|Эвакуатор Львов, полный адресс: Львов, ул. Богдана Хмельницкого, 249, доп. тел.:  +380 (95) 587-87-87
Украина|Львов|+380 (97) 296-80-99|Компания Эвакуатор Львов, полный адресс: Львов, ул. Переяславская, 8
Украина|Запорожская обл.|+380 (67) 741-15-70|Эвакуатор Мелитополь, сайт: evacuator-balu.com.ua
Украина|Запорожская обл.|+380 (98) 315-55-50|Эвакуатор Мелитополь, сайт: evacuator.at.ua
Украина|Запорожская обл.|+380 (98) 315-55-50|Эвакуатор Мелитополь, сайт: evakuator-melitopol.com.ua
Беларусь|Минск|+375 (44) 779-59-09|Эвакуатор Минск, полный адресс: Минск, ул. Матусевича, 78, сайт: helpcarminsk.by
Беларусь|Минск|+375 (29) 176-06-60|Эвакуатор Минск, полный адресс: Минск, ул. Шаранговича, 54, доп. тел.:  +375 (33) 376-06-60, сайт: evacyator.by
Беларусь|Минск|+375 (29) 695-42-23|ИП Чверкалюк А А Эвакуатор 24 часа, полный адресс: Минск, ул. Сурганова, 57-182
Беларусь|Минск|+375 (44) 779-59-09|Эвакуатор Минск, полный адресс: Минск, ул. Матусевича, 78, сайт: helpcarminsk.by
Беларусь|Минск|+375 (29) 176-06-60|Эвакуатор Минск, полный адресс: Минск, ул. Шаранговича, 54, доп. тел.:  +375 (33) 376-06-60, сайт: evacyator.by
Беларусь|Минская обл.|+375 (29) 391-39-39|Эвакуатор борисов
Беларусь|Минская обл.|+375 (29) 773-16-97|Эвакуатор 24 часа ИП Радюк, полный адресс: Минская обл., Смолевичи, 19а
Беларусь|Минск|+375 (29) 695-42-23|ИП Чверкалюк А А Эвакуатор 24 часа, полный адресс: Минск, ул. Сурганова, 57-182
Украина|Николаев|+380 (93) 540-54-44|Эвакуатор Николаев 24, полный адресс: Николаев, ул. Новозаводская, 2, доп. тел.:  +380 (97) 610-67-77, сайт: evakuator.mk.ua
Украина|Николаев|+380 (96) 558-40-55|Эвакуатор в Николаеве, полный адресс: Николаев, ул. Магистральная, 2, доп. тел.:  +380 (93) 396-91-93, +380 (66) 765-79-20, +380 (93) 396-92-42, сайт: auto-aid.com.ua, эвакуатор.com.ua
Украина|Николаевская обл.|+380 (96) 458-22-58|Эвакуатор Южноукраинск, полный адресс: Николаевская обл., Южноукраинск, Коммунистический просп., сайт: www.evacuator.co.ua
Украина|Николаев|+380 (93) 540-54-44|Эвакуатор Николаев 24, полный адресс: Николаев, ул. Новозаводская, 2, доп. тел.:  +380 (97) 610-67-77, сайт: evakuator.mk.ua
Украина|Николаев|+380 (96) 558-40-55|Эвакуатор в Николаеве, полный адресс: Николаев, ул. Магистральная, 2, доп. тел.:  +380 (93) 396-91-93, +380 (66) 765-79-20, +380 (93) 396-92-42, сайт: auto-aid.com.ua, эвакуатор.com.ua
Украина|Одесса|+380 (97) 399-20-26|Эвакуатор-буксир, доп. тел.:  +380 (48) 795-55-02, сайт: odessa.ukrfirm.ru/krejtor-r-n-evakuator-cc216-3473
Украина|Одесса|+380 (48) 738-78-15|Эвакуатор-гарант, полный адресс: Одесса, ул. Атамана Головатого, 102а, доп. тел.:  +380 (48) 723-52-62, +380 (68) 201-48-00, +380 (48) 716-12-42, сайт: www.evacuator.com.ua
Украина|Одесса|+380 (482) 30-93-60|Эвакуатор24, доп. тел.:  +380 (67) 409-13-60, сайт: www.evakyator24.od.ua
Украина|Одесса|+380 (482) 32-21-11|Эвакуатор, полный адресс: Одесса, ул. Приморская, 28
Украина|Одесса|+380 (95) 431-17-01|Эвакуатор, доп. тел.:  +380 (93) 349-09-07, +380 (67) 732-93-27
Украина|Одесса|+380 (50) 502-49-91|Эвакуатор Дальнобой, полный адресс: Одесса, ул. Генерала Цветаева, 24, доп. тел.:  +380 (97) 502-49-91, +380 (50) 103-01-00, +380 (93) 295-55-74
Украина|Одесса|+380 (96) 357-82-08|Супер эвакуатор, полный адресс: Одесса, ул. Раскидайловская, 55, доп. тел.:  +380 (48) 798-76-32
Украина|Одесса|+380 (48) 795-55-02|Компания Эвакуатор, полный адресс: Одесса, паром Одесса-Стамбул, 11, доп. тел.:  +380 (97) 399-20-26
Украина|Одесса|+380 (95) 184-51-14|Служба эвакуации Народный эвакуатор, полный адресс: Одесса, ул. Луговая, 10, доп. тел.:  +380 (48) 799-00-90, +380 (67) 485-00-90
Украина|Одесса|+380 (96) 818-88-95|Эвакуатор с краном, полный адресс: Одесса, ул. Луговая, 8
Украина|Одесса|+380 (99) 379-28-47|Эвакуаторы в Одессе, полный адресс: Одесса, Алексеевская пл., 11, доп. тел.:  +380 (96) 486-31-17, сайт: www.evakuatorodessa.ru
Украина|Одесса|+380 (97) 399-20-26|Эвакуатор-буксир, доп. тел.:  +380 (48) 795-55-02, сайт: odessa.ukrfirm.ru/krejtor-r-n-evakuator-cc216-3473
Украина|Одесса|+380 (48) 738-78-15|Эвакуатор-гарант, полный адресс: Одесса, ул. Атамана Головатого, 102а, доп. тел.:  +380 (48) 723-52-62, +380 (68) 201-48-00, +380 (48) 716-12-42, сайт: www.evacuator.com.ua
Украина|Одесса|+380 (482) 30-93-60|Эвакуатор24, доп. тел.:  +380 (67) 409-13-60, сайт: www.evakyator24.od.ua
Украина|Одесса|+380 (482) 32-21-11|Эвакуатор, полный адресс: Одесса, ул. Приморская, 28
Украина|Одесса|+380 (95) 431-17-01|Эвакуатор, доп. тел.:  +380 (93) 349-09-07, +380 (67) 732-93-27
Украина|Одесса|+380 (50) 502-49-91|Эвакуатор Дальнобой, полный адресс: Одесса, ул. Генерала Цветаева, 24, доп. тел.:  +380 (97) 502-49-91, +380 (50) 103-01-00, +380 (93) 295-55-74
Украина|Одесса|+380 (96) 357-82-08|Супер эвакуатор, полный адресс: Одесса, ул. Раскидайловская, 55, доп. тел.:  +380 (48) 798-76-32
Украина|Одесса|+380 (48) 795-55-02|Компания Эвакуатор, полный адресс: Одесса, паром Одесса-Стамбул, 11, доп. тел.:  +380 (97) 399-20-26
Украина|Одесса|+380 (95) 184-51-14|Служба эвакуации Народный эвакуатор, полный адресс: Одесса, ул. Луговая, 10, доп. тел.:  +380 (48) 799-00-90, +380 (67) 485-00-90
Украина|Одесса|+380 (96) 818-88-95|Эвакуатор с краном, полный адресс: Одесса, ул. Луговая, 8
Украина|Одесса|+380 (99) 379-28-47|Эвакуаторы в Одессе, полный адресс: Одесса, Алексеевская пл., 11, доп. тел.:  +380 (96) 486-31-17, сайт: www.evakuatorodessa.ru
Украина|Полтава|+380 (66) 695-94-35|Полтавский эвакуатор
Украина|Полтавская обл.|+380 (98) 774-10-23|Эвакуатор, сайт: evacuator.kr.ua
Украина|Полтавская обл.|+380 (98) 774-10-23|Эвакуатор
Украина|Полтавская обл.|+380 (67) 778-88-01|Эвакуатор Автоленд, сайт: autoland.in.ua
Украина|Полтавская обл.|+380 (67) 535-08-09|Эвакуатор
Украина|Полтава|+380 (66) 695-94-35|Полтавский эвакуатор
Украина|Ровно|+380 (67) 774-73-73|Эвакуатор-ровно, полный адресс: Ровно, просп. Мира, 18, сайт: www.evakuator.rv.ua
Украина|Ровно|+380 (50) 537-11-85|Эвакуатор, полный адресс: Ровно, ул. Павлюченко, 25
Украина|Ровно|+380 (99) 229-09-23|Эвакуатор Ровно Украина, полный адресс: Ровно, ул. Гагарина, 16, доп. тел.:  +380 (96) 382-88-59
Украина|Ровно|+380 (67) 774-73-73|Эвакуатор-ровно, полный адресс: Ровно, просп. Мира, 18, сайт: www.evakuator.rv.ua
Украина|Ровно|+380 (50) 537-11-85|Эвакуатор, полный адресс: Ровно, ул. Павлюченко, 25
Украина|Ровно|+380 (99) 229-09-23|Эвакуатор Ровно Украина, полный адресс: Ровно, ул. Гагарина, 16, доп. тел.:  +380 (96) 382-88-59
Беларусь|Минская обл.|+375 (29) 773-16-97|Эвакуатор 24 часа ИП Радюк, полный адресс: Минская обл., Смолевичи, 19а
Беларусь|Минская обл.|+375 (29) 773-16-97|Эвакуатор 24 часа ИП Радюк, полный адресс: Минская обл., Смолевичи, 19а
Украина|Тернополь|+380 (67) 332-10-06|Эвакуатор, полный адресс: Тернополь, ул. Степана Будного, 4а, доп. тел.:  +380 (67) 962-70-17
Украина|Тернополь|+380 (97) 933-33-83|Эвакуатор Тернополь, сайт: www.towtruck.te.ua
Украина|Тернополь|+380 (97) 458-40-40|Эвакуатор
Украина|Тернополь|+380 (98) 324-00-08|Эвакуатор
Украина|Тернополь|+380 (67) 999-13-86|Эвакуатор Тернополь, доп. тел.:  +380 (50) 678-45-65
Украина|Тернополь|+380 (67) 350-23-31|Эвакуатор Роман
Украина|Тернополь|+380 (67) 332-10-06|Эвакуатор, полный адресс: Тернополь, ул. Степана Будного, 4а, доп. тел.:  +380 (67) 962-70-17
Украина|Тернополь|+380 (97) 933-33-83|Эвакуатор Тернополь, сайт: www.towtruck.te.ua
Украина|Тернополь|+380 (97) 458-40-40|Эвакуатор
Украина|Тернополь|+380 (98) 324-00-08|Эвакуатор
Украина|Тернополь|+380 (67) 999-13-86|Эвакуатор Тернополь, доп. тел.:  +380 (50) 678-45-65
Украина|Тернополь|+380 (67) 350-23-31|Эвакуатор Роман
Украина|Умань г.|+380 (63) 408-64-05|Эвакуатор, доп. тел.:  +380 (66) 290-38-84
Казахстан|Усть-Каменогорск|+7 (701) 947-77-50|Эвакуатор Асана, полный адресс: Усть-Каменогорск, ул. Кирова, 1
Украина|Харьков|+380 (50) 843-19-91|Эвакуатор Автосос Харьков, полный адресс: Харьков, просп. Юрия Гагарина, 43а, сайт: evakuators.net
Украина|Харьков|+380 (97) 020-15-25|Эвакуатор Харьков, полный адресс: Харьков, ул. Осипенко, 117, сайт: evacuator.kh.ua
Украина|Харьков|+380 (93) 315-77-77|Служба Эвакуатор Харьков, полный адресс: Харьков, Московский просп., 189, сайт: evakuator.kharkov.ua, www.evakuator.kharkov.ua
Украина|Харьков|+380 (93) 315-77-77|Служба Эвакуатор Харьков, полный адресс: Харьков, ул. Механизаторская, 1, сайт: evakuator.kharkov.ua
Украина|Харьков|+380 (99) 100-67-65|Эвакуатор AvtoSos Харьков, полный адресс: Харьков, ул. Плехановская, 40, доп. тел.:  +380 (96) 766-97-16, сайт: авто-продажи.com
Украина|Харьков|+380 (95) 607-94-40|Эвакуатор Рулевой, полный адресс: Харьков, 2-й Дорошенковский въезд, 20, доп. тел.:  +380 (98) 297-57-28, +380 (63) 522-50-43
Украина|Харьков|+380 (97) 972-00-00|Эвакуатор24/7, полный адресс: Харьков, ул. Бакулина, 1а, доп. тел.:  +380 (99) 623-62-30, сайт: www.evakuator24.kharkov.ua/avtoevakuator.html, www.evakuator24.kharkov.ua
Украина|Харьков|+380 (66) 618-66-66|Эвакуатор Спасатель
Украина|Харьков|+380 (93) 779-28-75|Эвакуатор 24 7, полный адресс: Харьков, ул. Широнинцев, 27
Украина|Харьков|+380 (50) 843-19-91|Эвакуатор Автосос Харьков, полный адресс: Харьков, просп. Юрия Гагарина, 43а, сайт: evakuators.net
Украина|Харьков|+380 (97) 020-15-25|Эвакуатор Харьков, полный адресс: Харьков, ул. Осипенко, 117, сайт: evacuator.kh.ua
Украина|Харьков|+380 (93) 315-77-77|Служба Эвакуатор Харьков, полный адресс: Харьков, Московский просп., 189, сайт: evakuator.kharkov.ua, www.evakuator.kharkov.ua
Украина|Харьков|+380 (93) 315-77-77|Служба Эвакуатор Харьков, полный адресс: Харьков, ул. Механизаторская, 1, сайт: evakuator.kharkov.ua
Украина|Харьков|+380 (99) 100-67-65|Эвакуатор AvtoSos Харьков, полный адресс: Харьков, ул. Плехановская, 40, доп. тел.:  +380 (96) 766-97-16, сайт: авто-продажи.com
Украина|Харьков|+380 (95) 607-94-40|Эвакуатор Рулевой, полный адресс: Харьков, 2-й Дорошенковский въезд, 20, доп. тел.:  +380 (98) 297-57-28, +380 (63) 522-50-43
Украина|Харьков|+380 (97) 972-00-00|Эвакуатор24/7, полный адресс: Харьков, ул. Бакулина, 1а, доп. тел.:  +380 (99) 623-62-30, сайт: www.evakuator24.kharkov.ua/avtoevakuator.html, www.evakuator24.kharkov.ua
Украина|Харьков|+380 (66) 618-66-66|Эвакуатор Спасатель
Украина|Харьков|+380 (93) 779-28-75|Эвакуатор 24 7, полный адресс: Харьков, ул. Широнинцев, 27
Украина|Умань г.|+380 (63) 408-64-05|Эвакуатор, доп. тел.:  +380 (66) 290-38-84
Украина|Черкассы|+380 (96) 545-01-53|Авто-Эвакуатор Черкассы, полный адресс: Черкассы, ул. Тараскова, 4, доп. тел.:  +380 (93) 603-12-85, сайт: auto-evakuator.ck.ua
Украина|Черкассы|+380 (472) 43-15-78|Эвакуатор, полный адресс: Черкассы, ул. Горького, 37, доп. тел.:  +380 (67) 920-90-61, +380 (63) 153-53-23
Украина|Черкассы|+380 (96) 545-01-53|Авто-Эвакуатор Черкассы, полный адресс: Черкассы, ул. Тараскова, 4, доп. тел.:  +380 (93) 603-12-85, сайт: auto-evakuator.ck.ua
Украина|Черкассы|+380 (472) 43-15-78|Эвакуатор, полный адресс: Черкассы, ул. Горького, 37, доп. тел.:  +380 (67) 920-90-61, +380 (63) 153-53-23
Украина|Чернигов|+380 (462) 93-07-77|Эконом эвакуатор
Украина|Чернигов|+380 (462) 93-07-77|Эконом эвакуатор
Украина|Черновцы|+380 (50) 338-33-56|Эвакуатор Черновцы Украина, полный адресс: Черновцы, ул. Галицкий Путь, 4, доп. тел.:  +380 (50) 374-15-66
Украина|Черновцы|+380 (50) 338-33-56|Эвакуатор Черновцы Украина, полный адресс: Черновцы, ул. Галицкий Путь, 4, доп. тел.:  +380 (50) 374-15-66
Украина|Николаевская обл.|+380 (96) 458-22-58|Эвакуатор Южноукраинск, полный адресс: Николаевская обл., Южноукраинск, Коммунистический просп., сайт: www.evacuator.co.ua