java.security.AlgorithmConstraints|69
java.security.Certificate|374
java.security.DomainCombiner|1514
java.security.Guard|251
java.security.Key|11253
java.security.KeyStore.Entry|52
java.security.KeyStore.LoadStoreParameter|74
java.security.KeyStore.ProtectionParameter|477
java.security.Policy.Parameters|6
java.security.Principal|84900
java.security.PrivateKey|6407
java.security.PrivilegedAction|47359
java.security.PrivilegedExceptionAction|15730
java.security.PublicKey|9092
java.security.AccessControlContext|1000
java.security.AccessController|40207
java.security.AlgorithmParameterGenerator|3047
java.security.AlgorithmParameterGeneratorSpi|1079
java.security.AlgorithmParameters|17714
java.security.AlgorithmParametersSpi|1095
java.security.AllPermission|541
java.security.AuthProvider|104
java.security.BasicPermission|5861
java.security.CodeSigner|1474
java.security.CodeSource|913
java.security.DigestInputStream|588
java.security.DigestOutputStream|619
java.security.GuardedObject|254
java.security.Identity|2781
java.security.IdentityScope|2512
java.security.KeyFactory|6847
java.security.KeyFactorySpi|1725
java.security.KeyPair|7805
java.security.KeyPairGenerator|11889
java.security.KeyPairGeneratorSpi|1087
java.security.KeyRep|684
java.security.KeyStore|14529
java.security.KeyStore.Builder|359
java.security.KeyStore.CallbackHandlerProtection|5
java.security.KeyStore.PasswordProtection|855
java.security.KeyStore.PrivateKeyEntry|422
java.security.KeyStore.SecretKeyEntry|183
java.security.KeyStore.TrustedCertificateEntry|781
java.security.KeyStoreSpi|2923
java.security.MessageDigest|28649
java.security.MessageDigestSpi|1404
java.security.Permission|26718
java.security.PermissionCollection|13146
java.security.Permissions|4089
java.security.Policy|3257
java.security.PolicySpi|50
java.security.ProtectionDomain|11600
java.security.Provider|36381
java.security.Provider.Service|837
java.security.SecureClassLoader|308
java.security.SecureRandom|67399
java.security.SecureRandomSpi|2322
java.security.Security|46858
java.security.SecurityPermission|2319
java.security.Signature|26157
java.security.SignatureSpi|1338
java.security.SignedObject|151
java.security.Signer|601
java.security.Timestamp|1221
java.security.UnresolvedPermission|835
java.security.URIParameter|180
java.security.CryptoPrimitive|87
java.security.KeyRep.Type|4
java.security.AccessControlException|832
java.security.DigestException|2344
java.security.GeneralSecurityException|6026
java.security.InvalidAlgorithmParameterException|10411
java.security.InvalidKeyException|22024
java.security.InvalidParameterException|10423
java.security.KeyException|234
java.security.KeyManagementException|11154
java.security.KeyStoreException|12457
java.security.NoSuchAlgorithmException|27353
java.security.NoSuchProviderException|15085
java.security.PrivilegedActionException|9287
java.security.ProviderException|1144
java.security.SignatureException|19761
java.security.UnrecoverableEntryException|2512
java.security.UnrecoverableKeyException|13088
